{
    "fire": [
        {
            "name": "Basilisk Centipede",
            "petname": "Basilisk Centipede",
            "type": "Fire",
            "level": 1,
            "xp": 0,
            "rarity": "common",
            "base_hp": 40,
            "attack": 25,
            "defense": 15,
            "speed": 20,
            "image": "./PICTURES/BasiliskCentipede.png",
            "description": "A venomous creature combining features of a basilisk and a centipede. It has a long, segmented body with numerous legs and a pair of sharp mandibles. Its venom causes temporary paralysis.",
            "moves": [
                {
                    "name": "Scorch Bite",
                    "type": "Fire"
                },
                {
                    "name": "Lava Skitter",
                    "type": "Fire"
                },
                {
                    "name": "Venom Tail",
                    "type": "Fire"
                }
            ]
        },
        {
            "name": "Komodo Rhino",
            "petname": "Komodo Rhino",
            "type": "Fire",
            "level": 1,
            "xp": 0,
            "rarity": "rare",
            "base_hp": 48,
            "attack": 30,
            "defense": 18,
            "speed": 22,
            "image": "./PICTURES/KomodoRhino.png",
            "description": "A formidable hybrid of a Komodo dragon and a rhinoceros, the komodo rhino possesses a thick, steel-like hide and three prominent horns—two curving downward from its forehead and one upward from its snout. Its body combines reptilian and mammalian features, ending in a long, lizard-like tail. Despite its size, it is surprisingly agile and strong, capable of scaling walls and enduring extreme temperatures",
            "moves": [
                {
                    "name": "Horn Bash",
                    "type": "Fire"
                },
                {
                    "name": "Ember Charge",
                    "type": "Fire"
                },
                {
                    "name": "Crater Stomp",
                    "type": "Fire"
                }
            ]
        },
        {
            "name": "Phoenix",
            "petname": "Phoenix",
            "type": "Fire",
            "level": 1,
            "xp": 0,
            "rarity": "epic",
            "base_hp": 55,
            "attack": 38,
            "defense": 22,
            "speed": 30,
            "image": "./PICTURES/Phoenix.png",
            "description": "The Phoenix is a mythical firebird with control over flames, capable of generating pure fire that burns through anything. It is immortal, regenerating from injuries and reborn from its ashes. Its tears can heal wounds and cure poison. The Phoenix can fly at incredible speeds, create shockwaves with its wings, emit blinding light, and teleport in bursts of fire. With immense strength and regenerative abilities, it is a powerful and revered creature",
            "moves": [
                {
                    "name": "Blazing Talon",
                    "type": "Fire"
                },
                {
                    "name": "Sky Flame",
                    "type": "Fire"
                },
                {
                    "name": "Ash Dive",
                    "type": "Fire"
                }
            ]
        },
        {
            "name": "Dragon",
            "petname": "Dragon",
            "type": "Fire",
            "level": 1,
            "xp": 0,
            "rarity": "legendary",
            "base_hp": 65,
            "attack": 45,
            "defense": 28,
            "speed": 32,
            "image": "./PICTURES/Dragon.png",
            "description": "Majestic, serpentine creatures revered as the original firebenders. They can breathe fire and, in some cases, possess wings. Their immense size and firebending abilities make them formidable in combat, capable of devastating attacks and inspiring awe",
            "moves": [
                {
                    "name": "Inferno Blast",
                    "type": "Fire"
                },
                {
                    "name": "Wings Of Fire",
                    "type": "Fire"
                },
                {
                    "name": "Dragon Roar",
                    "type": "Fire"
                }
            ]
        }
    ],
    "water": [
        {
            "name": "Koala Otter",
            "petname": "Koala Otter",
            "type": "Water",
            "level": 1,
            "xp": 0,
            "rarity": "common",
            "base_hp": 50,
            "attack": 18,
            "defense": 17,
            "speed": 15,
            "image": "./PICTURES/KoalaOtter.png",
            "description": "The koalaotter is a furry, aquatic mammal native to the North Pole and surrounding Northern Sea. It has rounded, furry ears, a black nose, and small, black eyes. Capable of standing on its hind legs on land, it has a light gray back and head with a white underbelly and tail stripes",
            "moves": [
                {
                    "name": "Splash Swipe",
                    "type": "Water"
                },
                {
                    "name": "Bubble Slam",
                    "type": "Water"
                },
                {
                    "name": "Ripple Hit",
                    "type": "Water"
                }
            ]
        },
        {
            "name": "Dolphin Piranha",
            "petname": "Dolphin Piranha",
            "type": "Water",
            "level": 1,
            "xp": 0,
            "rarity": "rare",
            "base_hp": 60,
            "attack": 22,
            "defense": 20,
            "speed": 25,
            "image": "./PICTURES/DolphinPiranha.png",
            "description": "The Dolphin Piranha is a hybrid predator, combining the agility and intelligence of a dolphin with the ferocity of a piranha. It can swim at high speeds, using its streamlined body to dart through water. Equipped with sharp teeth, it is capable of inflicting devastating damage on opponents. Its speed and quick reflexes make it a formidable foe in aquatic battles, while its pack mentality allows it to overwhelm enemies with coordinated attacks",
            "moves": [
                {
                    "name": "Rip Tide",
                    "type": "Water"
                },
                {
                    "name": "Aqua Lunge",
                    "type": "Water"
                },
                {
                    "name": "Frenzy Bite",
                    "type": "Water"
                }
            ]
        },
        {
            "name": "Tiger Shark",
            "petname": "Tiger Shark",
            "type": "Water",
            "level": 1,
            "xp": 0,
            "rarity": "epic",
            "base_hp": 70,
            "attack": 28,
            "defense": 25,
            "speed": 27,
            "image": "./PICTURES/TigerShark.png",
            "description": "The Tiger Shark is a massive, sleek predator known for its strength and ferocity. It's a highly aggressive creature, capable of quick, powerful bites that can incapacitate enemies. With sharp teeth and a relentless hunting instinct, it is a formidable opponent in both water and land-based combat.",
            "moves": [
                {
                    "name": "Blood Lunge",
                    "type": "Water"
                },
                {
                    "name": "Wave Slash",
                    "type": "Water"
                },
                {
                    "name": "Abyssal Strike",
                    "type": "Water"
                }
            ]
        },
        {
            "name": "Kraken",
            "petname": "Kraken",
            "type": "Water",
            "level": 1,
            "xp": 0,
            "rarity": "legendary",
            "base_hp": 85,
            "attack": 35,
            "defense": 30,
            "speed": 30,
            "image": "./PICTURES/Kraken.png",
            "description": "The Kraken is a colossal sea creature with immense tentacles that can wrap around and crush enemies. It can create whirlpools with the force of its strikes and drag opponents into the depths. Its massive size and strength make it a terrifying force in aquatic combat.",
            "moves": [
                {
                    "name": "Tentacle Slam",
                    "type": "Water"
                },
                {
                    "name": "Depth Surge",
                    "type": "Water"
                },
                {
                    "name": "Maelstrom Whip",
                    "type": "Water"
                }
            ]
        }
    ],
    "air": [
        {
            "name": "Kitten Moth",
            "petname": "Kitten Moth",
            "type": "Air",
            "level": 1,
            "xp": 0,
            "rarity": "common",
            "base_hp": 35,
            "attack": 20,
            "defense": 15,
            "speed": 30,
            "image": "./PICTURES/KittenMoth.png",
            "description": "The Kitten Moth is a delicate, but swift creature resembling a moth with kitten-like agility. It can fly at high speeds and is capable of producing a paralyzing dust from its wings. In battle, it uses its speed and the ability to confuse enemies by creating blinding dust clouds.",
            "moves": [
                {
                    "name": "Kitty Claws",
                    "type": "Air"
                },
                {
                    "name": "Moth Flame",
                    "type": "Air"
                },
                {
                    "name": "Spinning Tail",
                    "type": "Air"
                }
            ]
        },
        {
            "name": "Ring-Tailed Winged Lemur",
            "petname": "Ring-Tailed Winged Lemur",
            "type": "Air",
            "level": 1,
            "xp": 0,
            "rarity": "rare",
            "base_hp": 40,
            "attack": 18,
            "defense": 18,
            "speed": 35,
            "image": "./PICTURES/RingTailedWingedLemur.png",
            "description": "The Ring-Tailed Winged Lemur has the agility of a lemur and the ability to glide with its winged body. It's nimble, quick, and highly evasive, capable of darting in and out of battle while using its sharp claws to disarm or incapacitate foes. Its aerial advantage makes it hard to target.",
            "moves": [
                {
                    "name": "Whirlwind Tail",
                    "type": "Air"
                },
                {
                    "name": "Glide Kick",
                    "type": "Air"
                },
                {
                    "name": "Breeze Strike",
                    "type": "Air"
                }
            ]
        },
        {
            "name": "Spider Bat",
            "petname": "Spider Bat",
            "type": "Air",
            "level": 1,
            "xp": 0,
            "rarity": "epic",
            "base_hp": 45,
            "attack": 25,
            "defense": 20,
            "speed": 40,
            "image": "./PICTURES/SpiderBat.png",
            "description": "The Spider Bat is a hybrid creature with the agility of a bat and the venomous bite of a spider. It can fly and use echolocation to locate enemies in the dark. Its venomous bite paralyzes prey, making it an effective ambush predator in dark environments.",
            "moves": [
                {
                    "name": "Echo Screech",
                    "type": "Air"
                },
                {
                    "name": "Web Dive",
                    "type": "Air"
                },
                {
                    "name": "Aerial Bite",
                    "type": "Air"
                }
            ]
        },
        {
            "name": "Flying Bison",
            "petname": "Flying Bison",
            "type": "Air",
            "level": 1,
            "xp": 0,
            "rarity": "legendary",
            "base_hp": 60,
            "attack": 40,
            "defense": 28,
            "speed": 35,
            "image": "./PICTURES/FlyingBison.png",
            "description": "The Flying Bison is a large, powerful creature capable of flying long distances. It has incredible strength and endurance, making it ideal for aerial battles. The Flying Bison can use its powerful horns and hooves to attack, and its large wings can generate gusts of wind strong enough to blow enemies away.",
            "moves": [
                {
                    "name": "Air Slam",
                    "type": "Air"
                },
                {
                    "name": "Cloud Charge",
                    "type": "Air"
                },
                {
                    "name": "Wind Crush",
                    "type": "Air"
                }
            ]
        }
    ],
    "earth": [
        {
            "name": "Crococat",
            "petname": "Crococat",
            "type": "Earth",
            "level": 1,
            "xp": 0,
            "rarity": "common",
            "base_hp": 45,
            "attack": 20,
            "defense": 25,
            "speed": 10,
            "image": "./PICTURES/Crococat.png",
            "description": "The Crococat is a fierce predator with the body of a cat and the strength of a crocodile. It is fast and agile, with sharp claws and teeth. It can swim swiftly and has a powerful bite that can crush bones, making it deadly both in water and on land.",
            "moves": [
                {
                    "name": "Stone Swipe",
                    "type": "Earth"
                },
                {
                    "name": "Mud Bash",
                    "type": "Earth"
                },
                {
                    "name": "Rock Lunge",
                    "type": "Earth"
                }
            ]
        },
        {
            "name": "Eel Sand Shark",
            "petname": "Eel Sand Shark",
            "type": "Earth",
            "level": 1,
            "xp": 0,
            "rarity": "rare",
            "base_hp": 52,
            "attack": 24,
            "defense": 30,
            "speed": 14,
            "image": "./PICTURES/SandShark.png",
            "description": "The Eel Sand Shark is a creature that combines the speed of an eel and the deadly bite of a sand shark. It can navigate through both water and sand with ease, using its sharp teeth to ambush enemies. Its electric shock can paralyze opponents, giving it an advantage in battle.",
            "moves": [
                {
                    "name": "Quicksand Snap",
                    "type": "Earth"
                },
                {
                    "name": "Burrow Strike",
                    "type": "Earth"
                },
                {
                    "name": "Dust Claw",
                    "type": "Earth"
                }
            ]
        },
        {
            "name": "Spider Snake",
            "petname": "Spider Snake",
            "type": "Earth",
            "level": 1,
            "xp": 0,
            "rarity": "epic",
            "base_hp": 58,
            "attack": 27,
            "defense": 38,
            "speed": 17,
            "image": "./PICTURES/SpiderSnake.png",
            "description": "The Spider Snake is a venomous creature with the body of a snake and the agility of a spider. It can climb walls and strike with venomous fangs, delivering a toxic bite that can incapacitate foes. Its flexibility and stealth make it a deadly predator in any environment.",
            "moves": [
                {
                    "name": "Venom Crush",
                    "type": "Earth"
                },
                {
                    "name": "Ground Coil",
                    "type": "Earth"
                },
                {
                    "name": "Cave Bite",
                    "type": "Earth"
                }
            ]
        },
        {
            "name": "Shirshu",
            "petname": "Shirshu",
            "type": "Earth",
            "level": 1,
            "xp": 0,
            "rarity": "legendary",
            "base_hp": 70,
            "attack": 32,
            "defense": 45,
            "speed": 23,
            "image": "./PICTURES/Shirshu.png",
            "description": "The Shirshu is a massive, bear-like creature with a keen sense of smell and a powerful, predatory nature. It has large, muscular legs and is capable of running at high speeds. Its heightened sense of smell allows it to track enemies and strike with precision. It is strong enough to overpower opponents in close combat.",
            "moves": [
                {
                    "name": "Rock Slam",
                    "type": "Earth"
                },
                {
                    "name": "Paralyzing Tongue",
                    "type": "Earth"
                },
                {
                    "name": "Earthbound Resilience",
                    "type": "Earth"
                }
            ]
        }
    ]
}
